Strategy,Sharpe (point),Sharpe 2.5%,Sharpe 97.5%,CAGR 2.5%,CAGR 97.5%,MaxDD 2.5%,MaxDD 97.5%
Adaptive (WF),1.3198,-0.4554971389448473,4.226047012058905,-0.0967002226189739,0.7853437326696228,-0.254150823087388,-0.06265212014553453
Adaptive (Fixed),1.3198,-0.4396505624754077,4.377986649939128,-0.09749483966108943,0.7911413436933917,-0.2422358528959088,-0.06489337662621697
Static-Fusion,0.3911,-1.1487317585267365,3.1783575689209096,-0.28929778438276355,0.590049344478852,-0.37927677922331415,-0.07213253700762905
Price-Only,0.9282,-0.9603952370966309,4.447396837837169,-0.2473618322442352,0.7784098322696922,-0.35915436269781953,-0.06876679593773936
Equal-Weight,1.1181,-0.661355675497146,4.011466779723415,-0.14234681187535567,0.6389264709776693,-0.26678579460860763,-0.0524030764832127
SPY Buy-and-Hold,0.7481,-0.792653576533131,3.3621056430055707,-0.16530199311854335,0.5446664645345557,-0.28413566577691335,-0.051968483476084425
