Strategy,Sharpe (point),Sharpe 2.5%,Sharpe 97.5%,CAGR 2.5%,CAGR 97.5%,MaxDD 2.5%,MaxDD 97.5%
Adaptive (WF),1.5556,-0.17481025161648486,4.400236271372824,-0.03638809700661326,0.7626080387445641,-0.21311509726341396,-0.05095483988356712
Adaptive (Fixed),1.5556,-0.1724520269068718,4.688425404959497,-0.036432275518474964,0.7847412198419147,-0.2003064849119344,-0.05154266249588298
Static-Fusion,0.4709,-1.1241930610014657,3.3661700582447356,-0.2793087195369827,0.601672009177733,-0.37203522708737347,-0.0628638157202463
Price-Only,1.0158,-0.9336424178693986,4.6557077543331715,-0.2301766916477466,0.750512963181825,-0.34446369209495364,-0.05615959039709079
Equal-Weight,1.1181,-0.6613558463030211,4.0114659399129735,-0.14234683458569997,0.6389263731989195,-0.2667858362308827,-0.05240307911347925
SPY Buy-and-Hold,0.7481,-0.7926546005420254,3.3621151107801723,-0.16530224818659184,0.5446660921973522,-0.2841351484376002,-0.05196897228939775
