Strategy,Sharpe (point),Sharpe 2.5%,Sharpe 97.5%,CAGR 2.5%,CAGR 97.5%,MaxDD 2.5%,MaxDD 97.5%
Adaptive (Fixed),1.5533,-0.17448559456037865,4.394563497646393,-0.03707239577135124,0.7617576859301355,-0.2132275532235664,-0.050942363571152435
Adaptive (Fixed+Stop),3.3343,0.9095076576552283,6.261228879826177,0.08555885933109911,0.6214134842340104,-0.08065918910678396,-0.026169309956058543
Static-Fusion,0.4709,-1.124193774073439,3.366169607262511,-0.2793088495614958,0.6016720957766428,-0.3720358740101713,-0.06286375631210375
Price-Only,1.0158,-0.9336416509105296,4.655711649676197,-0.23017667374362932,0.750514581060069,-0.3444634258838993,-0.05615957272435271
Equal-Weight,1.1181,-0.6613552554796969,4.0114666577919085,-0.14234687548822625,0.6389263766427715,-0.2667858313356404,-0.05240302732189347
SPY Buy-and-Hold,0.7481,-0.7926546295671486,3.3621196944079728,-0.1653017773266411,0.5446658645327679,-0.28413547487082635,-0.05196897481755848
