Strategy,Sharpe (point),Sharpe 2.5%,Sharpe 97.5%,CAGR 2.5%,CAGR 97.5%,MaxDD 2.5%,MaxDD 97.5%
Adaptive (Fixed),1.3293,-0.4515342340504531,4.23494124699913,-0.09693509452964635,0.7869903812440346,-0.2534504551688718,-0.06268872340591515
Adaptive (Fixed+Stop),3.6506,1.1211830670427483,6.603803666969737,0.10066493950516045,0.6734801293102112,-0.08164413740971559,-0.026169232871535046
Static-Fusion,0.3715,-1.1538910444740837,3.128275220676531,-0.2911895890086317,0.581369767099856,-0.3787926016825909,-0.07220457877332333
Price-Only,0.9282,-0.9603961763675254,4.44740155385448,-0.24736144986989742,0.7784103089853341,-0.35915397360856033,-0.06876681054468364
Equal-Weight,1.1181,-0.6613553754332107,4.011468987576551,-0.14234688321545907,0.6389263646533406,-0.266785799735664,-0.05240306428189118
SPY Buy-and-Hold,0.7481,-0.7926544101587267,3.3621072709480138,-0.16530207540842387,0.5446658263626157,-0.2841356710954761,-0.051968485182193096
